feature,value,id,kind
pitcher,684007,1,categorical
pitcher,808967,2,categorical
pitcher,676962,3,categorical
pitcher,607455,4,categorical
pitcher,676508,5,categorical
pitcher,669212,6,categorical
pitcher,595014,7,categorical
pitcher,518489,8,categorical
pitcher,656945,9,categorical
pitcher,657006,10,categorical
pitcher,808963,11,categorical
pitcher,472610,12,categorical
pitcher,663878,13,categorical
pitcher,676263,14,categorical
pitcher,573204,15,categorical
pitcher,689017,16,categorical
pitcher,657240,17,categorical
pitcher,687863,18,categorical
pitcher,489446,19,categorical
pitcher,519151,20,categorical
pitcher,681911,21,categorical
pitcher,650633,22,categorical
pitcher,519242,23,categorical
pitcher,689690,24,categorical
pitcher,673513,25,categorical
pitcher,669093,26,categorical
pitcher,669276,27,categorical
pitcher,593576,28,categorical
pitcher,607481,29,categorical
pitcher,592094,30,categorical
pitcher,656550,31,categorical
pitcher,663158,32,categorical
pitcher,605483,33,categorical
pitcher,669373,34,categorical
pitcher,605154,35,categorical
pitcher,669724,36,categorical
pitcher,689225,37,categorical
pitcher,669302,38,categorical
pitcher,622663,39,categorical
pitcher,621053,40,categorical
pitcher,663423,41,categorical
pitcher,600917,42,categorical
pitcher,519008,43,categorical
pitcher,662253,44,categorical
pitcher,543243,45,categorical
pitcher,641154,46,categorical
pitcher,681517,47,categorical
pitcher,667463,48,categorical
pitcher,686973,49,categorical
pitcher,688297,50,categorical
pitcher,663485,51,categorical
pitcher,664208,52,categorical
pitcher,643377,53,categorical
pitcher,623437,54,categorical
pitcher,664854,55,categorical
pitcher,668678,56,categorical
pitcher,669194,57,categorical
pitcher,656222,58,categorical
pitcher,686826,59,categorical
pitcher,543135,60,categorical
pitcher,676979,61,categorical
pitcher,676477,62,categorical
pitcher,676395,63,categorical
pitcher,455119,64,categorical
pitcher,547973,65,categorical
pitcher,592426,66,categorical
pitcher,542888,67,categorical
pitcher,686580,68,categorical
pitcher,680732,69,categorical
pitcher,579328,70,categorical
pitcher,682171,71,categorical
pitcher,696270,72,categorical
pitcher,673929,73,categorical
pitcher,605182,74,categorical
pitcher,670032,75,categorical
pitcher,592155,76,categorical
pitcher,669022,77,categorical
pitcher,554430,78,categorical
pitcher,608371,79,categorical
pitcher,678606,80,categorical
pitcher,689147,81,categorical
pitcher,605447,82,categorical
pitcher,640448,83,categorical
pitcher,621237,84,categorical
pitcher,621363,85,categorical
pitcher,674285,86,categorical
pitcher,621381,87,categorical
pitcher,621244,88,categorical
pitcher,621107,89,categorical
pitcher,663992,90,categorical
pitcher,606930,91,categorical
pitcher,643338,92,categorical
pitcher,622554,93,categorical
pitcher,684320,94,categorical
pitcher,669211,95,categorical
pitcher,641329,96,categorical
pitcher,607074,97,categorical
pitcher,642547,98,categorical
pitcher,657612,99,categorical
pitcher,663542,100,categorical
pitcher,643410,101,categorical
pitcher,657649,102,categorical
pitcher,606303,103,categorical
pitcher,596133,104,categorical
pitcher,641302,105,categorical
pitcher,642207,106,categorical
pitcher,666142,107,categorical
pitcher,594902,108,categorical
pitcher,672582,109,categorical
pitcher,671922,110,categorical
pitcher,668674,111,categorical
pitcher,682120,112,categorical
pitcher,640451,113,categorical
pitcher,683769,114,categorical
pitcher,608032,115,categorical
pitcher,661403,116,categorical
pitcher,669674,117,categorical
pitcher,623149,118,categorical
pitcher,664285,119,categorical
pitcher,605280,120,categorical
pitcher,623211,121,categorical
pitcher,650556,122,categorical
pitcher,664849,123,categorical
pitcher,623352,124,categorical
pitcher,668881,125,categorical
pitcher,657277,126,categorical
pitcher,605130,127,categorical
pitcher,678495,128,categorical
pitcher,641941,129,categorical
pitcher,669062,130,categorical
pitcher,663574,131,categorical
pitcher,643511,132,categorical
pitcher,664139,133,categorical
pitcher,594580,134,categorical
pitcher,676254,135,categorical
pitcher,645261,136,categorical
pitcher,694973,137,categorical
pitcher,669199,138,categorical
pitcher,642701,139,categorical
pitcher,621366,140,categorical
pitcher,666277,141,categorical
pitcher,657571,142,categorical
pitcher,670059,143,categorical
pitcher,622786,144,categorical
pitcher,670280,145,categorical
pitcher,686613,146,categorical
pitcher,656731,147,categorical
pitcher,657585,148,categorical
pitcher,595345,149,categorical
pitcher,621345,150,categorical
pitcher,605463,151,categorical
pitcher,592773,152,categorical
pitcher,664351,153,categorical
pitcher,621242,154,categorical
pitcher,622491,155,categorical
pitcher,605488,156,categorical
pitcher,666619,157,categorical
pitcher,660825,158,categorical
pitcher,642048,159,categorical
pitcher,686993,160,categorical
pitcher,672841,161,categorical
pitcher,687765,162,categorical
pitcher,656302,163,categorical
pitcher,625643,164,categorical
pitcher,670970,165,categorical
pitcher,572955,166,categorical
pitcher,678226,167,categorical
pitcher,518876,168,categorical
pitcher,592791,169,categorical
pitcher,657044,170,categorical
pitcher,573009,171,categorical
pitcher,641745,172,categorical
pitcher,571946,173,categorical
pitcher,656427,174,categorical
pitcher,663947,175,categorical
pitcher,676684,176,categorical
pitcher,592454,177,categorical
pitcher,687362,178,categorical
pitcher,656605,179,categorical
pitcher,663969,180,categorical
pitcher,685107,181,categorical
pitcher,592332,182,categorical
pitcher,450203,183,categorical
pitcher,544150,184,categorical
pitcher,554340,185,categorical
pitcher,672335,186,categorical
pitcher,663893,187,categorical
pitcher,680704,188,categorical
pitcher,642397,189,categorical
pitcher,683004,190,categorical
pitcher,656557,191,categorical
pitcher,669711,192,categorical
pitcher,687847,193,categorical
pitcher,571948,194,categorical
pitcher,657514,195,categorical
pitcher,657097,196,categorical
pitcher,686752,197,categorical
pitcher,607536,198,categorical
pitcher,685801,199,categorical
pitcher,641755,200,categorical
pitcher,683409,201,categorical
pitcher,682254,202,categorical
pitcher,680767,203,categorical
pitcher,664126,204,categorical
pitcher,681190,205,categorical
pitcher,680885,206,categorical
pitcher,593974,207,categorical
pitcher,660853,208,categorical
pitcher,682243,209,categorical
pitcher,674370,210,categorical
pitcher,676092,211,categorical
pitcher,663687,212,categorical
pitcher,668716,213,categorical
pitcher,642100,214,categorical
pitcher,695243,215,categorical
pitcher,607200,216,categorical
pitcher,657746,217,categorical
pitcher,660896,218,categorical
pitcher,681676,219,categorical
pitcher,543056,220,categorical
pitcher,668941,221,categorical
pitcher,661395,222,categorical
pitcher,607625,223,categorical
pitcher,668909,224,categorical
pitcher,663738,225,categorical
pitcher,596001,226,categorical
pitcher,681293,227,categorical
pitcher,656288,228,categorical
pitcher,676130,229,categorical
pitcher,687911,230,categorical
pitcher,668820,231,categorical
pitcher,641816,232,categorical
pitcher,621111,233,categorical
pitcher,458677,234,categorical
pitcher,642520,235,categorical
pitcher,677161,236,categorical
pitcher,694297,237,categorical
pitcher,679885,238,categorical
pitcher,681857,239,categorical
pitcher,676428,240,categorical
pitcher,628317,241,categorical
pitcher,686563,242,categorical
pitcher,667755,243,categorical
pitcher,669060,244,categorical
pitcher,690829,245,categorical
pitcher,445276,246,categorical
pitcher,663623,247,categorical
pitcher,666200,248,categorical
pitcher,687377,249,categorical
pitcher,614179,250,categorical
pitcher,621383,251,categorical
pitcher,672578,252,categorical
pitcher,605452,253,categorical
pitcher,453286,254,categorical
pitcher,665152,255,categorical
pitcher,666974,256,categorical
pitcher,656546,257,categorical
pitcher,642585,258,categorical
pitcher,641793,259,categorical
pitcher,622608,260,categorical
pitcher,678821,261,categorical
pitcher,623474,262,categorical
pitcher,664076,263,categorical
pitcher,518397,264,categorical
pitcher,655889,265,categorical
pitcher,678020,266,categorical
pitcher,687330,267,categorical
pitcher,608331,268,categorical
pitcher,641482,269,categorical
pitcher,671162,270,categorical
pitcher,672782,271,categorical
pitcher,665625,272,categorical
pitcher,687396,273,categorical
pitcher,694477,274,categorical
pitcher,471911,275,categorical
pitcher,641343,276,categorical
pitcher,678368,277,categorical
pitcher,663559,278,categorical
pitcher,678692,279,categorical
pitcher,664875,280,categorical
pitcher,669622,281,categorical
pitcher,676534,282,categorical
pitcher,666214,283,categorical
pitcher,641835,284,categorical
pitcher,666157,285,categorical
pitcher,434378,286,categorical
pitcher,702352,287,categorical
pitcher,668933,288,categorical
pitcher,608379,289,categorical
pitcher,676440,290,categorical
pitcher,608717,291,categorical
pitcher,670167,292,categorical
pitcher,676282,293,categorical
pitcher,693433,294,categorical
pitcher,676664,295,categorical
pitcher,601713,296,categorical
pitcher,700363,297,categorical
pitcher,660761,298,categorical
pitcher,593958,299,categorical
pitcher,571510,300,categorical
pitcher,607067,301,categorical
pitcher,640462,302,categorical
pitcher,594798,303,categorical
pitcher,690916,304,categorical
pitcher,669467,305,categorical
pitcher,641927,306,categorical
pitcher,677976,307,categorical
pitcher,571927,308,categorical
pitcher,676974,309,categorical
pitcher,571760,310,categorical
pitcher,675540,311,categorical
pitcher,607259,312,categorical
pitcher,592662,313,categorical
pitcher,573124,314,categorical
pitcher,608718,315,categorical
pitcher,666808,316,categorical
pitcher,573186,317,categorical
pitcher,650644,318,categorical
pitcher,656730,319,categorical
pitcher,518585,320,categorical
pitcher,642232,321,categorical
pitcher,671737,322,categorical
pitcher,663372,323,categorical
pitcher,656234,324,categorical
pitcher,670955,325,categorical
pitcher,605135,326,categorical
pitcher,608372,327,categorical
pitcher,621199,328,categorical
pitcher,680730,329,categorical
pitcher,605400,330,categorical
pitcher,605347,331,categorical
pitcher,695418,332,categorical
pitcher,663436,333,categorical
pitcher,686799,334,categorical
pitcher,666171,335,categorical
pitcher,656271,336,categorical
pitcher,686642,337,categorical
pitcher,676106,338,categorical
pitcher,695549,339,categorical
pitcher,606996,340,categorical
pitcher,682847,341,categorical
pitcher,663474,342,categorical
pitcher,607192,343,categorical
pitcher,445926,344,categorical
pitcher,628452,345,categorical
pitcher,683155,346,categorical
pitcher,640902,347,categorical
pitcher,650911,348,categorical
pitcher,608566,349,categorical
pitcher,687134,350,categorical
pitcher,571945,351,categorical
pitcher,542881,352,categorical
pitcher,672282,353,categorical
pitcher,680729,354,categorical
pitcher,660730,355,categorical
pitcher,663460,356,categorical
pitcher,681982,357,categorical
pitcher,669854,358,categorical
pitcher,663855,359,categorical
pitcher,687473,360,categorical
pitcher,606160,361,categorical
pitcher,527048,362,categorical
pitcher,663978,363,categorical
pitcher,670766,364,categorical
pitcher,678024,365,categorical
pitcher,650489,366,categorical
pitcher,685126,367,categorical
pitcher,670102,368,categorical
pitcher,647336,369,categorical
pitcher,656876,370,categorical
pitcher,669387,371,categorical
pitcher,669438,372,categorical
pitcher,615698,373,categorical
pitcher,656849,374,categorical
pitcher,678215,375,categorical
pitcher,663903,376,categorical
pitcher,677958,377,categorical
pitcher,700249,378,categorical
pitcher,656794,379,categorical
pitcher,681867,380,categorical
pitcher,671106,381,categorical
pitcher,678316,382,categorical
pitcher,663554,383,categorical
pitcher,646242,384,categorical
pitcher,669160,385,categorical
pitcher,547179,386,categorical
pitcher,682842,387,categorical
pitcher,669713,388,categorical
pitcher,681343,389,categorical
pitcher,680573,390,categorical
pitcher,592866,391,categorical
pitcher,689254,392,categorical
pitcher,701542,393,categorical
pitcher,669203,394,categorical
pitcher,493603,395,categorical
pitcher,669358,396,categorical
pitcher,802419,397,categorical
pitcher,669461,398,categorical
pitcher,543294,399,categorical
pitcher,666120,400,categorical
pitcher,673540,401,categorical
pitcher,686730,402,categorical
pitcher,622780,403,categorical
pitcher,693821,404,categorical
pitcher,694738,405,categorical
pitcher,806185,406,categorical
pitcher,687922,407,categorical
pitcher,592836,408,categorical
pitcher,622379,409,categorical
pitcher,642152,410,categorical
pitcher,702674,411,categorical
pitcher,691594,412,categorical
pitcher,534910,413,categorical
pitcher,801403,414,categorical
pitcher,663767,415,categorical
pitcher,670810,416,categorical
pitcher,690928,417,categorical
pitcher,700669,418,categorical
pitcher,656240,419,categorical
pitcher,669422,420,categorical
pitcher,476594,421,categorical
pitcher,683232,422,categorical
pitcher,571578,423,categorical
pitcher,656457,424,categorical
pitcher,641656,425,categorical
pitcher,670174,426,categorical
pitcher,680736,427,categorical
pitcher,671131,428,categorical
pitcher,681882,429,categorical
pitcher,596271,430,categorical
pitcher,656986,431,categorical
pitcher,681799,432,categorical
pitcher,682990,433,categorical
pitcher,669920,434,categorical
pitcher,701581,435,categorical
pitcher,500779,436,categorical
pitcher,605507,437,categorical
pitcher,701121,438,categorical
pitcher,690382,439,categorical
pitcher,665795,440,categorical
pitcher,674444,441,categorical
pitcher,676961,442,categorical
pitcher,500743,443,categorical
pitcher,669372,444,categorical
pitcher,682610,445,categorical
pitcher,681892,446,categorical
pitcher,642121,447,categorical
pitcher,671096,448,categorical
pitcher,693312,449,categorical
pitcher,669371,450,categorical
pitcher,671212,451,categorical
pitcher,656848,452,categorical
pitcher,605242,453,categorical
pitcher,679358,454,categorical
pitcher,694037,455,categorical
pitcher,681895,456,categorical
pitcher,664747,457,categorical
pitcher,668984,458,categorical
pitcher,676272,459,categorical
pitcher,681432,460,categorical
pitcher,672456,461,categorical
pitcher,675911,462,categorical
pitcher,663795,463,categorical
pitcher,657376,464,categorical
pitcher,700187,465,categorical
pitcher,694335,466,categorical
pitcher,621051,467,categorical
pitcher,682052,468,categorical
pitcher,696136,469,categorical
pitcher,623465,470,categorical
pitcher,687287,471,categorical
pitcher,666661,472,categorical
pitcher,656420,473,categorical
pitcher,687064,474,categorical
pitcher,694363,475,categorical
pitcher,592779,476,categorical
pitcher,686753,477,categorical
pitcher,701656,478,categorical
pitcher,687606,479,categorical
pitcher,622253,480,categorical
pitcher,521230,481,categorical
pitcher,806188,482,categorical
pitcher,547001,483,categorical
pitcher,691094,484,categorical
pitcher,622761,485,categorical
pitcher,596142,486,categorical
pitcher,688642,487,categorical
pitcher,684974,488,categorical
pitcher,677020,489,categorical
pitcher,666215,490,categorical
pitcher,683766,491,categorical
pitcher,677955,492,categorical
pitcher,668970,493,categorical
pitcher,690544,494,categorical
pitcher,695445,495,categorical
pitcher,678394,496,categorical
pitcher,666659,497,categorical
pitcher,686249,498,categorical
pitcher,656641,499,categorical
pitcher,605218,500,categorical
pitcher,663562,501,categorical
pitcher,687849,502,categorical
pitcher,680880,503,categorical
pitcher,668964,504,categorical
pitcher,675848,505,categorical
pitcher,692285,506,categorical
pitcher,700270,507,categorical
pitcher,519141,508,categorical
pitcher,682989,509,categorical
pitcher,686701,510,categorical
pitcher,820862,511,categorical
pitcher,680951,512,categorical
pitcher,663465,513,categorical
pitcher,664991,514,categorical
pitcher,674944,515,categorical
pitcher,688138,516,categorical
pitcher,671109,517,categorical
pitcher,669721,518,categorical
pitcher,680689,519,categorical
pitcher,680742,520,categorical
pitcher,660787,521,categorical
pitcher,554431,522,categorical
pitcher,595978,523,categorical
pitcher,570632,524,categorical
pitcher,642708,525,categorical
pitcher,675989,526,categorical
pitcher,669717,527,categorical
pitcher,672391,528,categorical
pitcher,641540,529,categorical
pitcher,571771,530,categorical
pitcher,643361,531,categorical
pitcher,502043,532,categorical
pitcher,676702,533,categorical
pitcher,676680,534,categorical
pitcher,664062,535,categorical
pitcher,805123,536,categorical
pitcher,702070,537,categorical
pitcher,608337,538,categorical
pitcher,641778,539,categorical
pitcher,663399,540,categorical
pitcher,656464,541,categorical
pitcher,606965,542,categorical
pitcher,695534,543,categorical
pitcher,687074,544,categorical
pitcher,650893,545,categorical
pitcher,686654,546,categorical
pitcher,676617,547,categorical
pitcher,682825,548,categorical
pitcher,623167,549,categorical
pitcher,670036,550,categorical
pitcher,571466,551,categorical
pitcher,620454,552,categorical
pitcher,680684,553,categorical
pitcher,664199,554,categorical
pitcher,666374,555,categorical
pitcher,691172,556,categorical
pitcher,605177,557,categorical
pitcher,543518,558,categorical
pitcher,657053,559,categorical
pitcher,663568,560,categorical
pitcher,663432,561,categorical
pitcher,694918,562,categorical
pitcher,681810,563,categorical
pitcher,621121,564,categorical
pitcher,624133,565,categorical
pitcher,700241,566,categorical
pitcher,674072,567,categorical
pitcher,673380,568,categorical
pitcher,673965,569,categorical
pitcher,690986,570,categorical
pitcher,694350,571,categorical
pitcher,641401,572,categorical
pitcher,676070,573,categorical
pitcher,685299,574,categorical
pitcher,676701,575,categorical
pitcher,641312,576,categorical
pitcher,691441,577,categorical
pitcher,669308,578,categorical
pitcher,665660,579,categorical
pitcher,607732,580,categorical
pitcher,690990,581,categorical
pitcher,660844,582,categorical
pitcher,680755,583,categorical
pitcher,681869,584,categorical
pitcher,608665,585,categorical
pitcher,669020,586,categorical
pitcher,671305,587,categorical
pitcher,683627,588,categorical
pitcher,676467,589,categorical
pitcher,677960,590,categorical
pitcher,642016,591,categorical
pitcher,694646,592,categorical
pitcher,640454,593,categorical
pitcher,687424,594,categorical
pitcher,668390,595,categorical
pitcher,687223,596,categorical
pitcher,702795,597,categorical
pitcher,612434,598,categorical
pitcher,657756,599,categorical
pitcher,642528,600,categorical
pitcher,595897,601,categorical
pitcher,642239,602,categorical
pitcher,477132,603,categorical
pitcher,677944,604,categorical
pitcher,805673,605,categorical
pitcher,669704,606,categorical
pitcher,690953,607,categorical
pitcher,621512,608,categorical
pitcher,676661,609,categorical
pitcher,519326,610,categorical
pitcher,605288,611,categorical
pitcher,687888,612,categorical
pitcher,552640,613,categorical
pitcher,668834,614,categorical
pitcher,642180,615,categorical
pitcher,679922,616,categorical
pitcher,681347,617,categorical
pitcher,692230,618,categorical
pitcher,676755,619,categorical
pitcher,669923,620,categorical
pitcher,656896,621,categorical
pitcher,647351,622,categorical
pitcher,676083,623,categorical
pitcher,669432,624,categorical
pitcher,621139,625,categorical
pitcher,663941,626,categorical
pitcher,676879,627,categorical
pitcher,683021,628,categorical
pitcher,663671,629,categorical
pitcher,688158,630,categorical
pitcher,677952,631,categorical
pitcher,669084,632,categorical
pitcher,682274,633,categorical
pitcher,596112,634,categorical
pitcher,663804,635,categorical
pitcher,680604,636,categorical
pitcher,689958,637,categorical
pitcher,676969,638,categorical
pitcher,663967,639,categorical
pitcher,680862,640,categorical
pitcher,689266,641,categorical
pitcher,676475,642,categorical
pitcher,656257,643,categorical
pitcher,694851,644,categorical
pitcher,656186,645,categorical
pitcher,699134,646,categorical
pitcher,622569,647,categorical
pitcher,642215,648,categorical
pitcher,657024,649,categorical
pitcher,681916,650,categorical
pitcher,681962,651,categorical
pitcher,621112,652,categorical
pitcher,676051,653,categorical
pitcher,687830,654,categorical
pitcher,663546,655,categorical
pitcher,489119,656,categorical
pitcher,691951,657,categorical
pitcher,547184,658,categorical
pitcher,681146,659,categorical
pitcher,686751,660,categorical
pitcher,518886,661,categorical
pitcher,660604,662,categorical
pitcher,670950,663,categorical
pitcher,801216,664,categorical
pitcher,686747,665,categorical
pitcher,645444,666,categorical
pitcher,656629,667,categorical
pitcher,679775,668,categorical
pitcher,691587,669,categorical
pitcher,693855,670,categorical
pitcher,691799,671,categorical
pitcher,621057,672,categorical
pitcher,605513,673,categorical
pitcher,669391,674,categorical
pitcher,675650,675,categorical
pitcher,694819,676,categorical
pitcher,701552,677,categorical
pitcher,677649,678,categorical
pitcher,657424,679,categorical
pitcher,682515,680,categorical
pitcher,668670,681,categorical
pitcher,696147,682,categorical
pitcher,543101,683,categorical
pitcher,664192,684,categorical
pitcher,676724,685,categorical
pitcher,676206,686,categorical
pitcher,596295,687,categorical
pitcher,663897,688,categorical
pitcher,647315,689,categorical
pitcher,660271,690,categorical
pitcher,663321,691,categorical
pitcher,686218,692,categorical
pitcher,677865,693,categorical
pitcher,800049,694,categorical
pitcher,669193,695,categorical
pitcher,683175,696,categorical
pitcher,682790,697,categorical
pitcher,800311,698,categorical
pitcher,673820,699,categorical
pitcher,694361,700,categorical
pitcher,669449,701,categorical
pitcher,801434,702,categorical
pitcher,664141,703,categorical
pitcher,676679,704,categorical
pitcher,681006,705,categorical
pitcher,678022,706,categorical
pitcher,680735,707,categorical
pitcher,676604,708,categorical
pitcher,663773,709,categorical
pitcher,642216,710,categorical
pitcher,695505,711,categorical
pitcher,593423,712,categorical
pitcher,702752,713,categorical
pitcher,608650,714,categorical
pitcher,670156,715,categorical
pitcher,676609,716,categorical
pitcher,681987,717,categorical
pitcher,681870,718,categorical
pitcher,607179,719,categorical
pitcher,669684,720,categorical
pitcher,623168,721,categorical
pitcher,697812,722,categorical
pitcher,595928,723,categorical
pitcher,693313,724,categorical
pitcher,608671,725,categorical
pitcher,624431,726,categorical
pitcher,663362,727,categorical
pitcher,686228,728,categorical
pitcher,664129,729,categorical
pitcher,656686,730,categorical
pitcher,663765,731,categorical
pitcher,691251,732,categorical
pitcher,674384,733,categorical
pitcher,690925,734,categorical
pitcher,696131,735,categorical
pitcher,542932,736,categorical
pitcher,664123,737,categorical
pitcher,701519,738,categorical
pitcher,681751,739,categorical
pitcher,682144,740,categorical
pitcher,829272,741,categorical
pitcher,666168,742,categorical
pitcher,621114,743,categorical
pitcher,670329,744,categorical
pitcher,605540,745,categorical
pitcher,642759,746,categorical
pitcher,506433,747,categorical
pitcher,621028,748,categorical
pitcher,692024,749,categorical
pitcher,573262,750,categorical
pitcher,663462,751,categorical
pitcher,693645,752,categorical
pitcher,608334,753,categorical
pitcher,664948,754,categorical
pitcher,685314,755,categorical
pitcher,667297,756,categorical
pitcher,670990,757,categorical
pitcher,593833,758,categorical
pitcher,640455,759,categorical
pitcher,548384,760,categorical
pitcher,805299,761,categorical
pitcher,683618,762,categorical
pitcher,663455,763,categorical
pitcher,448179,764,categorical
pitcher,675512,765,categorical
pitcher,592351,766,categorical
pitcher,650671,767,categorical
pitcher,669450,768,categorical
pitcher,641386,769,categorical
pitcher,623433,770,categorical
pitcher,676760,771,categorical
pitcher,687931,772,categorical
pitcher,701487,773,categorical
pitcher,543859,774,categorical
pitcher,645305,775,categorical
pitcher,665019,776,categorical
pitcher,681168,777,categorical
pitcher,669459,778,categorical
pitcher,806960,779,categorical
pitcher,699911,780,categorical
pitcher,641672,781,categorical
pitcher,664294,782,categorical
pitcher,694462,783,categorical
pitcher,678906,784,categorical
pitcher,620443,785,categorical
pitcher,661563,786,categorical
pitcher,541640,787,categorical
pitcher,670912,788,categorical
pitcher,676571,789,categorical
pitcher,676742,790,categorical
pitcher,543592,791,categorical
pitcher,543391,792,categorical
pitcher,676917,793,categorical
pitcher,664299,794,categorical
pitcher,502085,795,categorical
pitcher,665871,796,categorical
pitcher,663558,797,categorical
pitcher,676801,798,categorical
pitcher,669707,799,categorical
pitcher,678011,800,categorical
pitcher,679883,801,categorical
pitcher,676775,802,categorical
pitcher,642133,803,categorical
pitcher,690997,804,categorical
pitcher,622503,805,categorical
pitcher,676510,806,categorical
pitcher,656638,807,categorical
pitcher,800048,808,categorical
pitcher,666711,809,categorical
pitcher,696149,810,categorical
pitcher,656458,811,categorical
pitcher,669456,812,categorical
pitcher,805427,813,categorical
pitcher,672724,814,categorical
pitcher,687209,815,categorical
pitcher,681217,816,categorical
pitcher,687003,817,categorical
pitcher,685326,818,categorical
pitcher,680701,819,categorical
pitcher,680694,820,categorical
pitcher,624512,821,categorical
pitcher,669620,822,categorical
pitcher,694359,823,categorical
pitcher,661527,824,categorical
pitcher,686676,825,categorical
pitcher,672710,826,categorical
pitcher,688497,827,categorical
pitcher,660644,828,categorical
pitcher,804636,829,categorical
pitcher,801139,830,categorical
pitcher,686930,831,categorical
pitcher,680837,832,categorical
pitcher,656577,833,categorical
pitcher,674841,834,categorical
pitcher,677651,835,categorical
pitcher,669330,836,categorical
pitcher,691548,837,categorical
pitcher,802686,838,categorical
pitcher,815083,839,categorical
pitcher,665665,840,categorical
pitcher,681151,841,categorical
pitcher,664068,842,categorical
pitcher,685005,843,categorical
pitcher,687075,844,categorical
pitcher,675919,845,categorical
pitcher,671111,846,categorical
pitcher,571912,847,categorical
pitcher,813349,848,categorical
pitcher,596103,849,categorical
pitcher,680702,850,categorical
pitcher,689520,851,categorical
pitcher,669722,852,categorical
pitcher,670183,853,categorical
pitcher,685068,854,categorical
pitcher,641585,855,categorical
pitcher,664353,856,categorical
pitcher,702056,857,categorical
pitcher,686790,858,categorical
pitcher,687589,859,categorical
pitcher,691769,860,categorical
pitcher,643396,861,categorical
pitcher,677961,862,categorical
pitcher,656716,863,categorical
pitcher,669947,864,categorical
pitcher,664744,865,categorical
pitcher,688107,866,categorical
pitcher,669145,867,categorical
pitcher,682995,868,categorical
pitcher,687166,869,categorical
pitcher,692030,870,categorical
pitcher,592254,871,categorical
batter,660271,1,categorical
batter,606192,2,categorical
batter,664023,3,categorical
batter,673548,4,categorical
batter,663656,5,categorical
batter,669257,6,categorical
batter,571970,7,categorical
batter,571771,8,categorical
batter,624424,9,categorical
batter,500743,10,categorical
batter,807713,11,categorical
batter,621020,12,categorical
batter,665804,13,categorical
batter,669242,14,categorical
batter,683737,15,categorical
batter,681624,16,categorical
batter,691718,17,categorical
batter,542932,18,categorical
batter,457759,19,categorical
batter,608348,20,categorical
batter,595777,21,categorical
batter,663586,22,categorical
batter,621566,23,categorical
batter,542303,24,categorical
batter,645277,25,categorical
batter,671739,26,categorical
batter,665487,27,categorical
batter,650333,28,categorical
batter,592518,29,categorical
batter,593428,30,categorical
batter,701538,31,categorical
batter,493329,32,categorical
batter,686948,33,categorical
batter,606115,34,categorical
batter,672284,35,categorical
batter,630105,36,categorical
batter,663604,37,categorical
batter,657757,38,categorical
batter,553869,39,categorical
batter,455117,40,categorical
batter,650402,41,categorical
batter,605141,42,categorical
batter,679529,43,categorical
batter,622534,44,categorical
batter,690993,45,categorical
batter,595879,46,categorical
batter,628451,47,categorical
batter,668670,48,categorical
batter,668952,49,categorical
batter,518692,50,categorical
batter,682985,51,categorical
batter,656716,52,categorical
batter,681481,53,categorical
batter,700242,54,categorical
batter,671732,55,categorical
batter,667670,56,categorical
batter,668709,57,categorical
batter,677594,58,categorical
batter,663728,59,categorical
batter,669127,60,categorical
batter,609280,61,categorical
batter,691016,62,categorical
batter,593871,63,categorical
batter,642133,64,categorical
batter,691777,65,categorical
batter,805779,66,categorical
batter,641487,67,categorical
batter,645302,68,categorical
batter,670042,69,categorical
batter,570482,70,categorical
batter,668227,71,categorical
batter,669208,72,categorical
batter,621043,73,categorical
batter,663457,74,categorical
batter,575929,75,categorical
batter,680977,76,categorical
batter,571448,77,categorical
batter,676475,78,categorical
batter,671056,79,categorical
batter,663616,80,categorical
batter,680777,81,categorical
batter,664056,82,categorical
batter,691023,83,categorical
batter,691026,84,categorical
batter,670242,85,categorical
batter,664034,86,categorical
batter,650489,87,categorical
batter,669304,88,categorical
batter,621439,89,categorical
batter,687363,90,categorical
batter,666971,91,categorical
batter,647304,92,categorical
batter,663538,93,categorical
batter,553993,94,categorical
batter,664983,95,categorical
batter,672695,96,categorical
batter,606466,97,categorical
batter,682998,98,categorical
batter,672515,99,categorical
batter,656976,100,categorical
batter,646240,101,categorical
batter,608324,102,categorical
batter,543760,103,categorical
batter,608369,104,categorical
batter,694671,105,categorical
batter,666969,106,categorical
batter,692225,107,categorical
batter,669394,108,categorical
batter,673962,109,categorical
batter,607680,110,categorical
batter,543309,111,categorical
batter,669701,112,categorical
batter,657136,113,categorical
batter,596115,114,categorical
batter,677800,115,categorical
batter,680776,116,categorical
batter,671213,117,categorical
batter,678882,118,categorical
batter,592626,119,categorical
batter,621493,120,categorical
batter,694384,121,categorical
batter,545361,122,categorical
batter,624585,123,categorical
batter,641313,124,categorical
batter,678246,125,categorical
batter,673357,126,categorical
batter,643217,127,categorical
batter,683734,128,categorical
batter,681351,129,categorical
batter,666176,130,categorical
batter,621028,131,categorical
batter,596103,132,categorical
batter,672820,133,categorical
batter,676070,134,categorical
batter,572191,135,categorical
batter,650859,136,categorical
batter,686676,137,categorical
batter,660162,138,categorical
batter,677347,139,categorical
batter,607208,140,categorical
batter,547180,141,categorical
batter,664761,142,categorical
batter,682928,143,categorical
batter,671277,144,categorical
batter,592663,145,categorical
batter,605137,146,categorical
batter,663993,147,categorical
batter,657557,148,categorical
batter,592206,149,categorical
batter,681082,150,categorical
batter,669016,151,categorical
batter,686611,152,categorical
batter,696285,153,categorical
batter,695578,154,categorical
batter,656941,155,categorical
batter,596146,156,categorical
batter,660688,157,categorical
batter,668939,158,categorical
batter,676059,159,categorical
batter,656811,160,categorical
batter,666182,161,categorical
batter,665489,162,categorical
batter,623993,163,categorical
batter,641933,164,categorical
batter,663624,165,categorical
batter,656775,166,categorical
batter,602104,167,categorical
batter,702616,168,categorical
batter,672386,169,categorical
batter,543807,170,categorical
batter,681297,171,categorical
batter,695238,172,categorical
batter,676391,173,categorical
batter,702176,174,categorical
batter,665926,175,categorical
batter,694192,176,categorical
batter,661388,177,categorical
batter,669224,178,categorical
batter,592450,179,categorical
batter,641355,180,categorical
batter,502671,181,categorical
batter,686217,182,categorical
batter,687401,183,categorical
batter,669003,184,categorical
batter,683011,185,categorical
batter,700250,186,categorical
batter,681962,187,categorical
batter,665828,188,categorical
batter,656555,189,categorical
batter,691176,190,categorical
batter,668930,191,categorical
batter,686555,192,categorical
batter,665862,193,categorical
batter,592885,194,categorical
batter,663757,195,categorical
batter,680757,196,categorical
batter,608070,197,categorical
batter,657041,198,categorical
batter,467793,199,categorical
batter,678877,200,categorical
batter,663697,201,categorical
batter,686469,202,categorical
batter,672356,203,categorical
batter,677587,204,categorical
batter,686681,205,categorical
batter,592669,206,categorical
batter,669004,207,categorical
batter,624415,208,categorical
batter,677951,209,categorical
batter,521692,210,categorical
batter,700932,211,categorical
batter,664728,212,categorical
batter,672580,213,categorical
batter,666310,214,categorical
batter,592192,215,categorical
batter,596019,216,categorical
batter,665742,217,categorical
batter,624413,218,categorical
batter,607043,219,categorical
batter,514888,220,categorical
batter,670623,221,categorical
batter,670541,222,categorical
batter,516782,223,categorical
batter,621438,224,categorical
batter,620443,225,categorical
batter,673237,226,categorical
batter,663898,227,categorical
batter,668901,228,categorical
batter,572233,229,categorical
batter,665161,230,categorical
batter,701358,231,categorical
batter,676694,232,categorical
batter,682668,233,categorical
batter,663584,234,categorical
batter,664774,235,categorical
batter,642715,236,categorical
batter,808982,237,categorical
batter,670770,238,categorical
batter,682829,239,categorical
batter,666158,240,categorical
batter,668715,241,categorical
batter,671218,242,categorical
batter,624431,243,categorical
batter,527038,244,categorical
batter,573262,245,categorical
batter,666149,246,categorical
batter,672275,247,categorical
batter,687952,248,categorical
batter,680574,249,categorical
batter,656305,250,categorical
batter,641584,251,categorical
batter,600869,252,categorical
batter,674441,253,categorical
batter,668804,254,categorical
batter,669364,255,categorical
batter,681146,256,categorical
batter,693304,257,categorical
batter,672640,258,categorical
batter,682848,259,categorical
batter,643396,260,categorical
batter,502054,261,categorical
batter,688363,262,categorical
batter,665833,263,categorical
batter,663698,264,categorical
batter,457705,265,categorical
batter,670223,266,categorical
batter,663647,267,categorical
batter,663743,268,categorical
batter,669065,269,categorical
batter,667472,270,categorical
batter,656537,271,categorical
batter,624428,272,categorical
batter,608385,273,categorical
batter,683146,274,categorical
batter,664913,275,categorical
batter,456781,276,categorical
batter,649966,277,categorical
batter,641598,278,categorical
batter,518792,279,categorical
batter,669397,280,categorical
batter,677950,281,categorical
batter,645444,282,categorical
batter,693307,283,categorical
batter,605131,284,categorical
batter,665052,285,categorical
batter,689414,286,categorical
batter,676572,287,categorical
batter,664770,288,categorical
batter,622761,289,categorical
batter,676914,290,categorical
batter,641680,291,categorical
batter,665750,292,categorical
batter,686668,293,categorical
batter,678662,294,categorical
batter,678554,295,categorical
batter,696100,296,categorical
batter,605361,297,categorical
batter,666624,298,categorical
batter,687597,299,categorical
batter,641857,300,categorical
batter,666139,301,categorical
batter,676356,302,categorical
batter,669911,303,categorical
batter,571657,304,categorical
batter,650490,305,categorical
batter,664040,306,categorical
batter,592178,307,categorical
batter,643376,308,categorical
batter,670764,309,categorical
batter,666018,310,categorical
batter,676609,311,categorical
batter,691406,312,categorical
batter,578428,313,categorical
batter,650559,314,categorical
batter,664238,315,categorical
batter,543877,316,categorical
batter,681508,317,categorical
batter,666134,318,categorical
batter,682177,319,categorical
batter,642350,320,categorical
batter,701305,321,categorical
batter,676801,322,categorical
batter,643289,323,categorical
batter,666152,324,categorical
batter,665966,325,categorical
batter,677649,326,categorical
batter,663853,327,categorical
batter,669398,328,categorical
batter,545341,329,categorical
batter,665155,330,categorical
batter,681460,331,categorical
batter,642136,332,categorical
batter,642708,333,categorical
batter,624641,334,categorical
batter,665561,335,categorical
batter,679032,336,categorical
batter,656180,337,categorical
batter,677588,338,categorical
batter,665019,339,categorical
batter,596142,340,categorical
batter,677008,341,categorical
batter,670224,342,categorical
batter,622569,343,categorical
batter,641555,344,categorical
batter,672724,345,categorical
batter,606992,346,categorical
batter,641343,347,categorical
batter,678225,348,categorical
batter,669261,349,categorical
batter,691594,350,categorical
batter,669707,351,categorical
batter,669289,352,categorical
batter,682641,353,categorical
batter,666023,354,categorical
batter,680118,355,categorical
batter,640902,356,categorical
batter,680474,357,categorical
batter,644433,358,categorical
batter,641658,359,categorical
batter,669194,360,categorical
batter,680716,361,categorical
batter,669357,362,categorical
batter,686780,363,categorical
batter,665839,364,categorical
batter,694362,365,categorical
batter,642851,366,categorical
batter,669087,367,categorical
batter,686554,368,categorical
batter,663968,369,categorical
batter,666163,370,categorical
batter,671289,371,categorical
batter,607732,372,categorical
batter,666160,373,categorical
batter,623168,374,categorical
batter,664702,375,categorical
batter,657656,376,categorical
batter,518595,377,categorical
batter,608671,378,categorical
batter,669234,379,categorical
batter,671286,380,categorical
batter,595978,381,categorical
batter,642201,382,categorical
batter,607067,383,categorical
batter,656248,384,categorical
batter,663609,385,categorical
batter,666397,386,categorical
batter,680577,387,categorical
batter,608701,388,categorical
batter,666185,389,categorical
batter,670156,390,categorical
batter,621035,391,categorical
batter,605170,392,categorical
batter,669477,393,categorical
batter,669743,394,categorical
batter,656413,395,categorical
batter,670032,396,categorical
batter,683002,397,categorical
batter,672744,398,categorical
batter,694374,399,categorical
batter,683766,400,categorical
batter,695336,401,categorical
batter,643565,402,categorical
batter,650968,403,categorical
batter,672279,404,categorical
batter,676439,405,categorical
batter,691728,406,categorical
batter,660757,407,categorical
batter,686527,408,categorical
batter,666165,409,categorical
batter,669221,410,categorical
batter,666181,411,categorical
batter,660844,412,categorical
batter,691907,413,categorical
batter,663796,414,categorical
batter,671221,415,categorical
batter,605204,416,categorical
batter,687957,417,categorical
batter,553882,418,categorical
batter,805367,419,categorical
batter,641943,420,categorical
batter,682657,421,categorical
batter,621512,422,categorical
batter,680779,423,categorical
batter,682622,424,categorical
batter,691182,425,categorical
batter,686797,426,categorical
batter,542963,427,categorical
batter,642180,428,categorical
batter,683083,429,categorical
batter,675659,430,categorical
batter,680718,431,categorical
batter,810938,432,categorical
batter,669720,433,categorical
batter,660821,434,categorical
batter,690924,435,categorical
batter,656582,436,categorical
batter,686475,437,categorical
batter,680700,438,categorical
batter,700337,439,categorical
batter,681393,440,categorical
batter,687263,441,categorical
batter,702332,442,categorical
batter,592696,443,categorical
batter,660644,444,categorical
batter,657077,445,categorical
batter,807712,446,categorical
batter,668845,447,categorical
batter,802415,448,categorical
batter,640492,449,categorical
batter,672359,450,categorical
batter,681584,451,categorical
batter,702358,452,categorical
batter,670276,453,categorical
batter,690291,454,categorical
batter,682663,455,categorical
batter,682927,456,categorical
batter,666915,457,categorical
batter,669200,458,categorical
batter,605113,459,categorical
batter,701762,460,categorical
batter,642215,461,categorical
batter,669717,462,categorical
batter,685301,463,categorical
batter,678489,464,categorical
batter,680911,465,categorical
batter,682626,466,categorical
batter,643446,467,categorical
batter,663662,468,categorical
batter,676701,469,categorical
batter,682729,470,categorical
batter,662139,471,categorical
batter,656896,472,categorical
batter,668974,473,categorical
batter,672569,474,categorical
batter,669392,475,categorical
batter,682997,476,categorical
batter,571466,477,categorical
batter,676480,478,categorical
batter,688760,479,categorical
batter,689041,480,categorical
batter,663886,481,categorical
batter,678391,482,categorical
batter,669134,483,categorical
batter,689172,484,categorical
batter,691723,485,categorical
batter,668942,486,categorical
batter,571912,487,categorical
batter,647351,488,categorical
batter,808975,489,categorical
batter,668904,490,categorical
batter,678894,491,categorical
batter,681546,492,categorical
batter,694497,493,categorical
batter,677956,494,categorical
batter,676551,495,categorical
batter,664059,496,categorical
batter,683090,497,categorical
batter,686765,498,categorical
batter,671284,499,categorical
batter,683021,500,categorical
batter,655316,501,categorical
batter,686823,502,categorical
batter,691783,503,categorical
batter,694208,504,categorical
batter,518934,505,categorical
batter,668731,506,categorical
batter,687221,507,categorical
batter,680837,508,categorical
batter,669256,509,categorical
batter,687462,510,categorical
batter,676812,511,categorical
batter,690987,512,categorical
batter,695734,513,categorical
batter,672016,514,categorical
batter,680769,515,categorical
batter,660670,516,categorical
batter,669722,517,categorical
batter,676724,518,categorical
batter,691785,519,categorical
batter,663837,520,categorical
batter,680862,521,categorical
batter,679845,522,categorical
batter,645305,523,categorical
batter,696030,524,categorical
batter,624512,525,categorical
batter,683748,526,categorical
batter,670231,527,categorical
batter,682183,528,categorical
batter,672761,529,categorical
batter,663897,530,categorical
batter,663967,531,categorical
batter,681715,532,categorical
batter,642731,533,categorical
batter,669450,534,categorical
batter,664068,535,categorical
batter,694376,536,categorical
batter,702284,537,categorical
batter,656541,538,categorical
batter,676466,539,categorical
batter,545121,540,categorical
batter,681807,541,categorical
batter,669374,542,categorical
batter,689200,543,categorical
batter,678009,544,categorical
batter,666464,545,categorical
batter,677595,546,categorical
batter,695506,547,categorical
batter,642086,548,categorical
batter,669288,549,categorical
batter,668800,550,categorical
batter,668723,551,categorical
batter,690022,552,categorical
batter,691019,553,categorical
batter,624513,554,categorical
batter,805249,555,categorical
batter,663330,556,categorical
batter,664954,557,categorical
batter,701350,558,categorical
batter,682515,559,categorical
batter,665953,560,categorical
batter,695681,561,categorical
batter,676116,562,categorical
batter,641302,563,categorical
batter,641645,564,categorical
batter,683770,565,categorical
batter,676679,566,categorical
batter,519317,567,categorical
batter,691781,568,categorical
batter,670092,569,categorical
batter,681987,570,categorical
batter,669369,571,categorical
batter,695257,572,categorical
batter,605244,573,categorical
batter,671083,574,categorical
batter,679822,575,categorical
batter,666211,576,categorical
batter,543510,577,categorical
batter,686452,578,categorical
batter,665877,579,categorical
batter,680737,580,categorical
batter,669432,581,categorical
batter,641856,582,categorical
batter,677870,583,categorical
batter,687515,584,categorical
batter,692585,585,categorical
batter,670097,586,categorical
batter,678011,587,categorical
batter,677942,588,categorical
batter,677060,589,categorical
batter,543592,590,categorical
batter,665923,591,categorical
batter,695657,592,categorical
batter,680869,593,categorical
batter,642727,594,categorical
batter,673490,595,categorical
batter,694388,596,categorical
batter,685744,597,categorical
batter,663536,598,categorical
batter,807799,599,categorical
batter,656577,600,categorical
batter,694728,601,categorical
batter,805373,602,categorical
batter,675915,603,categorical
batter,680728,604,categorical
batter,663368,605,categorical
batter,683227,606,categorical
batter,672012,607,categorical
batter,666126,608,categorical
batter,572138,609,categorical
batter,682653,610,categorical
batter,656484,611,categorical
batter,687231,612,categorical
batter,687859,613,categorical
batter,690976,614,categorical
batter,682988,615,categorical
batter,669236,616,categorical
batter,668885,617,categorical
batter,805300,618,categorical
batter,687529,619,categorical
batter,669326,620,categorical
batter,692216,621,categorical
batter,663731,622,categorical
batter,687551,623,categorical
batter,671976,624,categorical
batter,691720,625,categorical
batter,656185,626,categorical
batter,667452,627,categorical
batter,681909,628,categorical
batter,677941,629,categorical
batter,677592,630,categorical
batter,506702,631,categorical
batter,683357,632,categorical
batter,676044,633,categorical
batter,695391,634,categorical
batter,672642,635,categorical
batter,687637,636,categorical
batter,701675,637,categorical
batter,694212,638,categorical
batter,686894,639,categorical
batter,691185,640,categorical
batter,694359,641,categorical
batter,700246,642,categorical
batter,605353,643,categorical
batter,691373,644,categorical
batter,677943,645,categorical
batter,829272,646,categorical
batter,693409,647,categorical
batter,687478,648,categorical
batter,699625,649,categorical
batter,667690,650,categorical
batter,701398,651,categorical
batter,671655,652,categorical
batter,682868,653,categorical
batter,682634,654,categorical
batter,695600,655,categorical
batter,694377,656,categorical
batter,595751,657,categorical
batter,666150,658,categorical
batter,640459,659,categorical
batter,695670,660,categorical
batter,691011,661,categorical
batter,665861,662,categorical
batter,622268,663,categorical
batter,805904,664,categorical
batter,694203,665,categorical
batter,805811,666,categorical
batter,642020,667,categorical
batter,666198,668,categorical
batter,804668,669,categorical
batter,690984,670,categorical
stand,L,1,categorical
stand,R,2,categorical
p_throws,L,1,categorical
p_throws,R,2,categorical
inning_topbot,Top,1,categorical
inning_topbot,Bot,2,categorical
count_state,0-0,1,categorical
count_state,0-1,2,categorical
count_state,1-0,3,categorical
count_state,2-0,4,categorical
count_state,3-0,5,categorical
count_state,3-1,6,categorical
count_state,1-1,7,categorical
count_state,2-1,8,categorical
count_state,2-2,9,categorical
count_state,3-2,10,categorical
count_state,0-2,11,categorical
count_state,1-2,12,categorical
prev_pitch_type,START,1,categorical
prev_pitch_type,FF,2,categorical
prev_pitch_type,CU,3,categorical
prev_pitch_type,FS,4,categorical
prev_pitch_type,ST,5,categorical
prev_pitch_type,SI,6,categorical
prev_pitch_type,KC,7,categorical
prev_pitch_type,FC,8,categorical
prev_pitch_type,CH,9,categorical
prev_pitch_type,SL,10,categorical
prev_pitch_type,FA,11,categorical
prev_pitch_type,SV,12,categorical
prev_pitch_type,OTHER,13,categorical
prev_pitch_type,EP,14,categorical
prev_pitch_type,FO,15,categorical
y_next_pitch_type,SL,1,target
y_next_pitch_type,FF,2,target
y_next_pitch_type,FS,3,target
y_next_pitch_type,SI,4,target
y_next_pitch_type,ST,5,target
y_next_pitch_type,CU,6,target
y_next_pitch_type,KC,7,target
y_next_pitch_type,FC,8,target
y_next_pitch_type,CH,9,target
y_next_pitch_type,FA,10,target
y_next_pitch_type,SV,11,target
y_next_pitch_type,OTHER,12,target
y_next_pitch_type,EP,13,target
y_next_pitch_type,FO,14,target
